"","Names","Coefficients"
"1","(Intercept)",-1.33586460336166
"2","TLTimeFirst",-0.00328859710738717
"3","TLCnt03",-0.348472230089684
"4","TLSatCnt",-0.0363001628820726
"5","TLDel60Cnt",0.0687935210531823
"6","TL75UtilCnt",0.211947530513899
"7","TLBalHCPct",0.768280250012528
"8","TLSatPct",-2.39057933764857
"9","TLDel3060Cnt24",0.377618876673459
"10","TLOpen24Pct",0.367156608772151
